{
  "project_info": {
    "project_number": "1031222783069",
    "firebase_url": "https://my-application-8541f.firebaseio.com",
    "project_id": "my-application-8541f",
    "storage_bucket": "my-application-8541f.appspot.com"
  },
  "client": [
    {
      "client_info": {
        "mobilesdk_app_id": "1:1031222783069:android:c81e2c118f0ac7b6c6f1b4",
        "android_client_info": {
          "package_name": "com.example.myapplication"
        }
      },
      "oauth_client": [
        {
          "client_id": "1031222783069-cjvhc58iqqj7qv4gvn8f3ko0arr8qf88.apps.googleusercontent.com",
          "client_type": 1,
          "android_info": {
            "package_name": "com.example.myapplication",
            "certificate_hash": "e228b5f6427a3528599caf1fbc46e92d89e1cfaa"
          }
        },
        {
          "client_id": "1031222783069-7ronmo0c9432gjr9nic9jj9pomj0p6ak.apps.googleusercontent.com",
          "client_type": 3
        }
      ],
      "api_key": [
        {
          "current_key": "AIzaSyBn_LvS32KGQgHjDmBFUPDDt1ZIcDAJPpk"
        }
      ],
      "services": {
        "appinvite_service": {
          "other_platform_oauth_client": [
            {
              "client_id": "1031222783069-7ronmo0c9432gjr9nic9jj9pomj0p6ak.apps.googleusercontent.com",
              "client_type": 3
            }
          ]
        }
      }
    }
  ],
  "configuration_version": "1"
}